NBA Draft Combine – Strength & Agility Statistics by Position (2014–Present),,,,,,,,,,,,,,
Position,Metric,N,Mean,Median,SD ?2,SD ?1,SD +1,SD +2,,Very Low,Low,Average,High,Very High
G,Lane Agility Time (sec),15,11.00,11.10,10.34,10.67,11.33,11.66,,"Very High
< 10.34","High
10.34 – 10.67","Average
10.67 – 11.33","Low
11.33 – 11.66","Very Low
? 11.66"
G,3/4 Court Sprint (sec),15,3.19,3.17,2.89,3.04,3.34,3.49,,"Very High
< 2.89","High
2.89 – 3.04","Average
3.04 – 3.34","Low
3.34 – 3.49","Very Low
? 3.49"
G,Standing Vertical Leap (in),15,30.10,30.00,23.10,26.60,33.60,37.10,,"Very Low
< 23.10","Low
23.10 – 26.60","Average
26.60 – 33.60","High
33.60 – 37.10","Very High
? 37.10"
G,Max Vertical Leap (in),15,36.40,36.00,27.99,32.19,40.61,44.81,,"Very Low
< 27.99","Low
27.99 – 32.19","Average
32.19 – 40.61","High
40.61 – 44.81","Very High
? 44.81"
PG,Lane Agility Time (sec),129,11.01,10.96,10.25,10.63,11.38,11.76,,"Very High
< 10.25","High
10.25 – 10.63","Average
10.63 – 11.38","Low
11.38 – 11.76","Very Low
? 11.76"
PG,Shuttle Run (sec),116,3.03,3.02,2.71,2.87,3.18,3.34,,"Very High
< 2.71","High
2.71 – 2.87","Average
2.87 – 3.18","Low
3.18 – 3.34","Very Low
? 3.34"
PG,3/4 Court Sprint (sec),126,3.20,3.21,3.01,3.11,3.30,3.40,,"Very High
< 3.01","High
3.01 – 3.11","Average
3.11 – 3.30","Low
3.30 – 3.40","Very Low
? 3.40"
PG,Standing Vertical Leap (in),127,30.00,30.50,24.65,27.33,32.68,35.35,,"Very Low
< 24.65","Low
24.65 – 27.33","Average
27.33 – 32.68","High
32.68 – 35.35","Very High
? 35.35"
PG,Max Vertical Leap (in),151,36.48,36.50,30.08,33.28,39.67,42.87,,"Very Low
< 30.08","Low
30.08 – 33.28","Average
33.28 – 39.67","High
39.67 – 42.87","Very High
? 42.87"
PG,Max Bench Press (reps),24,6.67,6.00,-2.78,1.94,11.39,16.12,,"Very Low
< -2.78","Low
-2.78 – 1.94","Average
1.94 – 11.39","High
11.39 – 16.12","Very High
? 16.12"
PG-SG,Lane Agility Time (sec),7,11.07,11.01,10.22,10.65,11.50,11.93,,"Very High
< 10.22","High
10.22 – 10.65","Average
10.65 – 11.50","Low
11.50 – 11.93","Very Low
? 11.93"
PG-SG,Shuttle Run (sec),7,3.03,2.99,2.73,2.88,3.18,3.33,,"Very High
< 2.73","High
2.73 – 2.88","Average
2.88 – 3.18","Low
3.18 – 3.33","Very Low
? 3.33"
PG-SG,3/4 Court Sprint (sec),7,3.24,3.30,3.01,3.12,3.36,3.47,,"Very High
< 3.01","High
3.01 – 3.12","Average
3.12 – 3.36","Low
3.36 – 3.47","Very Low
? 3.47"
PG-SG,Standing Vertical Leap (in),7,29.71,28.00,23.83,26.77,32.66,35.60,,"Very Low
< 23.83","Low
23.83 – 26.77","Average
26.77 – 32.66","High
32.66 – 35.60","Very High
? 35.60"
PG-SG,Max Vertical Leap (in),7,36.71,35.50,30.03,33.37,40.05,43.39,,"Very Low
< 30.03","Low
30.03 – 33.37","Average
33.37 – 40.05","High
40.05 – 43.39","Very High
? 43.39"
PG-SG,Max Bench Press (reps),5,8.60,7.00,-3.53,2.53,14.67,20.73,,"Very Low
< -3.53","Low
-3.53 – 2.53","Average
2.53 – 14.67","High
14.67 – 20.73","Very High
? 20.73"
SG-PG,Lane Agility Time (sec),6,11.08,11.09,10.53,10.81,11.36,11.63,,"Very High
< 10.53","High
10.53 – 10.81","Average
10.81 – 11.36","Low
11.36 – 11.63","Very Low
? 11.63"
SG-PG,Shuttle Run (sec),5,3.25,3.19,2.97,3.11,3.38,3.52,,"Very High
< 2.97","High
2.97 – 3.11","Average
3.11 – 3.38","Low
3.38 – 3.52","Very Low
? 3.52"
SG-PG,3/4 Court Sprint (sec),6,3.26,3.24,2.98,3.12,3.39,3.53,,"Very High
< 2.98","High
2.98 – 3.12","Average
3.12 – 3.39","Low
3.39 – 3.53","Very Low
? 3.53"
SG-PG,Standing Vertical Leap (in),6,31.42,31.50,27.25,29.33,33.50,35.58,,"Very Low
< 27.25","Low
27.25 – 29.33","Average
29.33 – 33.50","High
33.50 – 35.58","Very High
? 35.58"
SG-PG,Max Vertical Leap (in),6,37.25,37.25,30.42,33.83,40.67,44.08,,"Very Low
< 30.42","Low
30.42 – 33.83","Average
33.83 – 40.67","High
40.67 – 44.08","Very High
? 44.08"
SG-PG,Max Bench Press (reps),6,6.50,5.50,-6.26,0.12,12.88,19.26,,"Very Low
< -6.26","Low
-6.26 – 0.12","Average
0.12 – 12.88","High
12.88 – 19.26","Very High
? 19.26"
SG,Lane Agility Time (sec),188,11.10,11.07,10.27,10.69,11.52,11.93,,"Very High
< 10.27","High
10.27 – 10.69","Average
10.69 – 11.52","Low
11.52 – 11.93","Very Low
? 11.93"
SG,Shuttle Run (sec),171,3.01,3.02,2.46,2.73,3.28,3.56,,"Very High
< 2.46","High
2.46 – 2.73","Average
2.73 – 3.28","Low
3.28 – 3.56","Very Low
? 3.56"
SG,3/4 Court Sprint (sec),189,3.21,3.21,2.99,3.10,3.32,3.43,,"Very High
< 2.99","High
2.99 – 3.10","Average
3.10 – 3.32","Low
3.32 – 3.43","Very Low
? 3.43"
SG,Standing Vertical Leap (in),190,29.51,29.50,23.30,26.41,32.61,35.72,,"Very Low
< 23.30","Low
23.30 – 26.41","Average
26.41 – 32.61","High
32.61 – 35.72","Very High
? 35.72"
SG,Max Vertical Leap (in),202,35.92,35.50,29.50,32.71,39.13,42.34,,"Very Low
< 29.50","Low
29.50 – 32.71","Average
32.71 – 39.13","High
39.13 – 42.34","Very High
? 42.34"
SG,Max Bench Press (reps),29,8.55,9.00,-1.39,3.58,13.52,18.49,,"Very Low
< -1.39","Low
-1.39 – 3.58","Average
3.58 – 13.52","High
13.52 – 18.49","Very High
? 18.49"
SG-SF,Lane Agility Time (sec),27,11.30,11.25,10.52,10.91,11.69,12.08,,"Very High
< 10.52","High
10.52 – 10.91","Average
10.91 – 11.69","Low
11.69 – 12.08","Very Low
? 12.08"
SG-SF,Shuttle Run (sec),26,3.14,3.16,2.91,3.02,3.25,3.37,,"Very High
< 2.91","High
2.91 – 3.02","Average
3.02 – 3.25","Low
3.25 – 3.37","Very Low
? 3.37"
SG-SF,3/4 Court Sprint (sec),27,3.26,3.26,2.99,3.13,3.39,3.53,,"Very High
< 2.99","High
2.99 – 3.13","Average
3.13 – 3.39","Low
3.39 – 3.53","Very Low
? 3.53"
SG-SF,Standing Vertical Leap (in),27,29.44,29.50,24.42,26.93,31.96,34.47,,"Very Low
< 24.42","Low
24.42 – 26.93","Average
26.93 – 31.96","High
31.96 – 34.47","Very High
? 34.47"
SG-SF,Max Vertical Leap (in),27,35.50,36.00,29.66,32.58,38.42,41.34,,"Very Low
< 29.66","Low
29.66 – 32.58","Average
32.58 – 38.42","High
38.42 – 41.34","Very High
? 41.34"
SG-SF,Max Bench Press (reps),7,6.43,7.00,-0.77,2.83,10.03,13.63,,"Very Low
< -0.77","Low
-0.77 – 2.83","Average
2.83 – 10.03","High
10.03 – 13.63","Very High
? 13.63"
SF-SG,Lane Agility Time (sec),10,10.89,10.95,10.37,10.63,11.15,11.40,,"Very High
< 10.37","High
10.37 – 10.63","Average
10.63 – 11.15","Low
11.15 – 11.40","Very Low
? 11.40"
SF-SG,Shuttle Run (sec),10,3.06,3.08,2.75,2.90,3.22,3.37,,"Very High
< 2.75","High
2.75 – 2.90","Average
2.90 – 3.22","Low
3.22 – 3.37","Very Low
? 3.37"
SF-SG,3/4 Court Sprint (sec),10,3.21,3.24,3.03,3.12,3.30,3.39,,"Very High
< 3.03","High
3.03 – 3.12","Average
3.12 – 3.30","Low
3.30 – 3.39","Very Low
? 3.39"
SF-SG,Standing Vertical Leap (in),10,32.05,32.00,24.91,28.48,35.62,39.19,,"Very Low
< 24.91","Low
24.91 – 28.48","Average
28.48 – 35.62","High
35.62 – 39.19","Very High
? 39.19"
SF-SG,Max Vertical Leap (in),10,38.65,39.50,32.61,35.63,41.67,44.69,,"Very Low
< 32.61","Low
32.61 – 35.63","Average
35.63 – 41.67","High
41.67 – 44.69","Very High
? 44.69"
SF-SG,Max Bench Press (reps),8,8.25,8.50,-1.59,3.33,13.17,18.09,,"Very Low
< -1.59","Low
-1.59 – 3.33","Average
3.33 – 13.17","High
13.17 – 18.09","Very High
? 18.09"
SF,Lane Agility Time (sec),134,11.27,11.18,10.27,10.77,11.77,12.27,,"Very High
< 10.27","High
10.27 – 10.77","Average
10.77 – 11.77","Low
11.77 – 12.27","Very Low
? 12.27"
SF,Shuttle Run (sec),112,3.07,3.06,2.74,2.91,3.24,3.40,,"Very High
< 2.74","High
2.74 – 2.91","Average
2.91 – 3.24","Low
3.24 – 3.40","Very Low
? 3.40"
SF,3/4 Court Sprint (sec),134,3.24,3.25,3.01,3.13,3.36,3.47,,"Very High
< 3.01","High
3.01 – 3.13","Average
3.13 – 3.36","Low
3.36 – 3.47","Very Low
? 3.47"
SF,Standing Vertical Leap (in),133,29.33,29.50,23.09,26.21,32.45,35.57,,"Very Low
< 23.09","Low
23.09 – 26.21","Average
26.21 – 32.45","High
32.45 – 35.57","Very High
? 35.57"
SF,Max Vertical Leap (in),152,35.20,35.00,28.21,31.71,38.70,42.19,,"Very Low
< 28.21","Low
28.21 – 31.71","Average
31.71 – 38.70","High
38.70 – 42.19","Very High
? 42.19"
SF,Max Bench Press (reps),16,8.19,8.50,-2.99,2.60,13.78,19.36,,"Very Low
< -2.99","Low
-2.99 – 2.60","Average
2.60 – 13.78","High
13.78 – 19.36","Very High
? 19.36"
SF-PF,Lane Agility Time (sec),2,11.23,11.23,11.03,11.13,11.33,11.43,,"Very High
< 11.03","High
11.03 – 11.13","Average
11.13 – 11.33","Low
11.33 – 11.43","Very Low
? 11.43"
SF-PF,Shuttle Run (sec),2,3.11,3.11,2.91,3.01,3.21,3.31,,"Very High
< 2.91","High
2.91 – 3.01","Average
3.01 – 3.21","Low
3.21 – 3.31","Very Low
? 3.31"
SF-PF,3/4 Court Sprint (sec),2,3.42,3.42,3.27,3.35,3.50,3.58,,"Very High
< 3.27","High
3.27 – 3.35","Average
3.35 – 3.50","Low
3.50 – 3.58","Very Low
? 3.58"
SF-PF,Standing Vertical Leap (in),2,31.75,31.75,25.39,28.57,34.93,38.11,,"Very Low
< 25.39","Low
25.39 – 28.57","Average
28.57 – 34.93","High
34.93 – 38.11","Very High
? 38.11"
SF-PF,Max Vertical Leap (in),2,37.00,37.00,35.59,36.29,37.71,38.41,,"Very Low
< 35.59","Low
35.59 – 36.29","Average
36.29 – 37.71","High
37.71 – 38.41","Very High
? 38.41"
SF-PF,Max Bench Press (reps),2,10.00,10.00,7.17,8.59,11.41,12.83,,"Very Low
< 7.17","Low
7.17 – 8.59","Average
8.59 – 11.41","High
11.41 – 12.83","Very High
? 12.83"
F,Lane Agility Time (sec),15,11.41,11.29,10.30,10.86,11.97,12.52,,"Very High
< 10.30","High
10.30 – 10.86","Average
10.86 – 11.97","Low
11.97 – 12.52","Very Low
? 12.52"
F,3/4 Court Sprint (sec),15,3.28,3.25,3.05,3.17,3.39,3.50,,"Very High
< 3.05","High
3.05 – 3.17","Average
3.17 – 3.39","Low
3.39 – 3.50","Very Low
? 3.50"
F,Standing Vertical Leap (in),15,30.83,30.50,24.54,27.68,33.98,37.13,,"Very Low
< 24.54","Low
24.54 – 27.68","Average
27.68 – 33.98","High
33.98 – 37.13","Very High
? 37.13"
F,Max Vertical Leap (in),15,37.23,37.50,31.62,34.42,40.04,42.85,,"Very Low
< 31.62","Low
31.62 – 34.42","Average
34.42 – 40.04","High
40.04 – 42.85","Very High
? 42.85"
PF-SF,Lane Agility Time (sec),2,11.26,11.26,10.39,10.82,11.69,12.12,,"Very High
< 10.39","High
10.39 – 10.82","Average
10.82 – 11.69","Low
11.69 – 12.12","Very Low
? 12.12"
PF-SF,Shuttle Run (sec),2,3.14,3.14,3.09,3.11,3.16,3.18,,"Very High
< 3.09","High
3.09 – 3.11","Average
3.11 – 3.16","Low
3.16 – 3.18","Very Low
? 3.18"
PF-SF,3/4 Court Sprint (sec),2,3.45,3.45,3.26,3.35,3.54,3.63,,"Very High
< 3.26","High
3.26 – 3.35","Average
3.35 – 3.54","Low
3.54 – 3.63","Very Low
? 3.63"
PF-SF,Standing Vertical Leap (in),2,27.75,27.75,21.39,24.57,30.93,34.11,,"Very Low
< 21.39","Low
21.39 – 24.57","Average
24.57 – 30.93","High
30.93 – 34.11","Very High
? 34.11"
PF-SF,Max Vertical Leap (in),2,33.00,33.00,27.34,30.17,35.83,38.66,,"Very Low
< 27.34","Low
27.34 – 30.17","Average
30.17 – 35.83","High
35.83 – 38.66","Very High
? 38.66"
PF-SF,Max Bench Press (reps),1,7.00,7.00,,,,,,"Very Low
< nan","Low
nan – nan","Average
nan – nan","High
nan – nan","Very High
? nan"
PF,Lane Agility Time (sec),152,11.39,11.30,10.42,10.90,11.87,12.35,,"Very High
< 10.42","High
10.42 – 10.90","Average
10.90 – 11.87","Low
11.87 – 12.35","Very Low
? 12.35"
PF,Shuttle Run (sec),134,3.10,3.08,2.70,2.90,3.30,3.51,,"Very High
< 2.70","High
2.70 – 2.90","Average
2.90 – 3.30","Low
3.30 – 3.51","Very Low
? 3.51"
PF,3/4 Court Sprint (sec),152,3.31,3.28,3.07,3.19,3.43,3.55,,"Very High
< 3.07","High
3.07 – 3.19","Average
3.19 – 3.43","Low
3.43 – 3.55","Very Low
? 3.55"
PF,Standing Vertical Leap (in),151,29.07,29.00,22.84,25.95,32.18,35.29,,"Very Low
< 22.84","Low
22.84 – 25.95","Average
25.95 – 32.18","High
32.18 – 35.29","Very High
? 35.29"
PF,Max Vertical Leap (in),169,34.51,34.50,28.22,31.37,37.65,40.80,,"Very Low
< 28.22","Low
28.22 – 31.37","Average
31.37 – 37.65","High
37.65 – 40.80","Very High
? 40.80"
PF,Max Bench Press (reps),29,8.31,8.00,-1.28,3.51,13.11,17.90,,"Very Low
< -1.28","Low
-1.28 – 3.51","Average
3.51 – 13.11","High
13.11 – 17.90","Very High
? 17.90"
PF-C,Lane Agility Time (sec),10,11.78,11.70,10.93,11.35,12.20,12.62,,"Very High
< 10.93","High
10.93 – 11.35","Average
11.35 – 12.20","Low
12.20 – 12.62","Very Low
? 12.62"
PF-C,Shuttle Run (sec),10,3.16,3.18,2.88,3.02,3.30,3.44,,"Very High
< 2.88","High
2.88 – 3.02","Average
3.02 – 3.30","Low
3.30 – 3.44","Very Low
? 3.44"
PF-C,3/4 Court Sprint (sec),10,3.34,3.36,3.15,3.25,3.44,3.53,,"Very High
< 3.15","High
3.15 – 3.25","Average
3.25 – 3.44","Low
3.44 – 3.53","Very Low
? 3.53"
PF-C,Standing Vertical Leap (in),10,29.10,29.00,24.71,26.90,31.30,33.49,,"Very Low
< 24.71","Low
24.71 – 26.90","Average
26.90 – 31.30","High
31.30 – 33.49","Very High
? 33.49"
PF-C,Max Vertical Leap (in),10,33.80,32.50,29.01,31.41,36.19,38.59,,"Very Low
< 29.01","Low
29.01 – 31.41","Average
31.41 – 36.19","High
36.19 – 38.59","Very High
? 38.59"
PF-C,Max Bench Press (reps),4,10.00,8.50,-1.20,4.40,15.60,21.20,,"Very Low
< -1.20","Low
-1.20 – 4.40","Average
4.40 – 15.60","High
15.60 – 21.20","Very High
? 21.20"
C-PF,Lane Agility Time (sec),2,11.65,11.65,11.16,11.41,11.90,12.15,,"Very High
< 11.16","High
11.16 – 11.41","Average
11.41 – 11.90","Low
11.90 – 12.15","Very Low
? 12.15"
C-PF,Shuttle Run (sec),2,3.08,3.08,3.06,3.07,3.08,3.09,,"Very High
< 3.06","High
3.06 – 3.07","Average
3.07 – 3.08","Low
3.08 – 3.09","Very Low
? 3.09"
C-PF,3/4 Court Sprint (sec),2,3.28,3.28,3.00,3.14,3.42,3.56,,"Very High
< 3.00","High
3.00 – 3.14","Average
3.14 – 3.42","Low
3.42 – 3.56","Very Low
? 3.56"
C-PF,Standing Vertical Leap (in),2,25.75,25.75,22.21,23.98,27.52,29.29,,"Very Low
< 22.21","Low
22.21 – 23.98","Average
23.98 – 27.52","High
27.52 – 29.29","Very High
? 29.29"
C-PF,Max Vertical Leap (in),2,32.75,32.75,29.21,30.98,34.52,36.29,,"Very Low
< 29.21","Low
29.21 – 30.98","Average
30.98 – 34.52","High
34.52 – 36.29","Very High
? 36.29"
C-PF,Max Bench Press (reps),2,7.50,7.50,6.09,6.79,8.21,8.91,,"Very Low
< 6.09","Low
6.09 – 6.79","Average
6.79 – 8.21","High
8.21 – 8.91","Very High
? 8.91"
C,Lane Agility Time (sec),92,11.67,11.60,10.68,11.18,12.17,12.67,,"Very High
< 10.68","High
10.68 – 11.18","Average
11.18 – 12.17","Low
12.17 – 12.67","Very Low
? 12.67"
C,Shuttle Run (sec),82,3.12,3.10,2.75,2.93,3.30,3.48,,"Very High
< 2.75","High
2.75 – 2.93","Average
2.93 – 3.30","Low
3.30 – 3.48","Very Low
? 3.48"
C,3/4 Court Sprint (sec),92,3.35,3.33,3.05,3.20,3.49,3.64,,"Very High
< 3.05","High
3.05 – 3.20","Average
3.20 – 3.49","Low
3.49 – 3.64","Very Low
? 3.64"
C,Standing Vertical Leap (in),92,28.39,28.00,21.45,24.92,31.85,35.32,,"Very Low
< 21.45","Low
21.45 – 24.92","Average
24.92 – 31.85","High
31.85 – 35.32","Very High
? 35.32"
C,Max Vertical Leap (in),100,32.72,32.50,24.67,28.70,36.75,40.78,,"Very Low
< 24.67","Low
24.67 – 28.70","Average
28.70 – 36.75","High
36.75 – 40.78","Very High
? 40.78"
C,Max Bench Press (reps),8,10.12,10.50,3.24,6.68,13.57,17.01,,"Very Low
< 3.24","Low
3.24 – 6.68","Average
6.68 – 13.57","High
13.57 – 17.01","Very High
? 17.01"
